<?xml version="1.0" encoding="UTF-8"?>
<project-private xmlns="http://www.netbeans.org/ns/project-private/1">
    <editor-bookmarks xmlns="http://www.netbeans.org/ns/editor-bookmarks/2" lastBookmarkId="0"/>
    <open-files xmlns="http://www.netbeans.org/ns/projectui-open-files/2">
        <group>
            <file>file:/C:/Users/HP/Documents/NetBeansProjects/OrchidBoutiqueHouse/src/orchidboutiquehouse/Customer.java</file>
            <file>file:/C:/Users/HP/Documents/NetBeansProjects/OrchidBoutiqueHouse/src/orchidboutiquehouse/Order.java</file>
            <file>file:/C:/Users/HP/Documents/NetBeansProjects/OrchidBoutiqueHouse/src/orchidboutiquehouse/Supplier.java</file>
            <file>file:/C:/Users/HP/Documents/NetBeansProjects/OrchidBoutiqueHouse/src/orchidboutiquehouse/Children.java</file>
            <file>file:/C:/Users/HP/Documents/NetBeansProjects/OrchidBoutiqueHouse/src/orchidboutiquehouse/Men.java</file>
            <file>file:/C:/Users/HP/Documents/NetBeansProjects/OrchidBoutiqueHouse/src/orchidboutiquehouse/Billing.java</file>
        </group>
    </open-files>
</project-private>
